[
  {
    "input": [1,0,0,0,0,0,0,0,0,0],
    "output": [0,0,0,0,0,0,0,0,0,0],
    "instream": [],
    "outstream": [[1,0,0,0,0,0,0,0,0,0]]
  },
  {
    "input": [3,0,0,0,0,0,0,0,0,0],
    "output": [0,0,0,0,0,0,0,0,0,0],
    "instream": [],
    "outstream": [[3,0,0,0,0,0,0,0,0,0],[2,0,0,0,0,0,0,0,0,0],[1,0,0,0,0,0,0,0,0,0]]
  },
  {
    "input": [4,0,0,0,0,0,0,0,0,0],
    "output": [0,0,0,0,0,0,0,0,0,0],
    "instream": [],
    "outstream": [[4,0,0,0,0,0,0,0,0,0],[3,0,0,0,0,0,0,0,0,0],[2,0,0,0,0,0,0,0,0,0],[1,0,0,0,0,0,0,0,0,0]]
  }
]
