[
  {
    "input": [1,0,0,0,0,0,0,0,0,0],
    "output": [5,0,0,0,0,0,0,0,0,0],
    "instream": [[5,0,0,0,0,0,0,0,0,0]],
    "outstream": []
  },
  {
    "input": [3,0,0,0,0,0,0,0,0,0],
    "output": [4,0,0,0,0,0,0,0,0,0],
    "instream": [[11,0,0,0,0,0,0,0,0,0],[0,0,0,0,0,0,0,0,0,0],[4,0,0,0,0,0,0,0,0,0]],
    "outstream": []
  },
  {
    "input": [7,0,0,0,0,0,0,0,0,0],
    "output": [4,0,0,0,0,0,0,0,0,0],
    "instream": [[1,0,0,0,0,0,0,0,0,0],[3,0,0,0,0,0,0,0,0,0],[5,0,0,0,0,0,0,0,0,0],[7,0,0,0,0,0,0,0,0,0],
                 [6,0,0,0,0,0,0,0,0,0],[4,0,0,0,0,0,0,0,0,0],[2,0,0,0,0,0,0,0,0,0]],
    "outstream": []
  }
]
