[
  {
    "input": [1,0,0,0,0,0,0,0,0,0],
    "output": [5,0,0,0,0,0,0,0,0,0],
    "instream": [[5,0,0,0,0,0,0,0,0,0]],
    "outstream": []
  },
  {
    "input": [3,0,0,0,0,0,0,0,0,0],
    "output": [15,0,0,0,0,0,0,0,0,0],
    "instream": [[11,0,0,0,0,0,0,0,0,0],[0,0,0,0,0,0,0,0,0,0],[4,0,0,0,0,0,0,0,0,0]],
    "outstream": []
  },
  {
    "input": [4,0,0,0,0,0,0,0,0,0],
    "output": [16,0,0,0,0,0,0,0,0,0],
    "instream": [[11,0,0,0,0,0,0,0,0,0],[0,0,0,0,0,0,0,0,0,0],[4,0,0,0,0,0,0,0,0,0],[1,0,0,0,0,0,0,0,0,0]],
    "outstream": []
  }
]
