[
  {
    "input": [1,0,0,0,0,0,0,0,0,0],
    "output": [1,0,0,0,0,0,0,0,0,0],
    "instream": [[5,0,0,0,0,0,0,0,0,0]],
    "outstream": [[5,0,0,0,0,0,0,0,0,0]]
  },
  {
    "input": [3,0,0,0,0,0,0,0,0,0],
    "output": [3,0,0,0,0,0,0,0,0,0],
    "instream": [[11,0,0,0,0,0,0,0,0,0],[0,0,0,0,0,0,0,0,0,0],[4,0,0,0,0,0,0,0,0,0]],
    "outstream": [[11,0,0,0,0,0,0,0,0,0],[0,0,0,0,0,0,0,0,0,0],[4,0,0,0,0,0,0,0,0,0]]
  },
  {
    "input": [4,0,0,0,0,0,0,0,0,0],
    "output": [4,0,0,0,0,0,0,0,0,0],
    "instream": [[11,0,0,0,0,0,0,0,0,0],[0,0,0,0,0,0,0,0,0,0],[4,0,0,0,0,0,0,0,0,0],[1,0,0,0,0,0,0,0,0,0]],
    "outstream": [[11,0,0,0,0,0,0,0,0,0],[0,0,0,0,0,0,0,0,0,0],[4,0,0,0,0,0,0,0,0,0],[1,0,0,0,0,0,0,0,0,0]]
  }
]
